<?xml version="1.0" encoding="utf-8"?>
<news xmlns:xsd="http://www.w3.org/2001/XMLSchema" xmlns:xsi="http://www.w3.org/2001/XMLSchema-instance" state="Live">
	<newsListItem href="http://api.brafton.com/d6b2022c-f9fb-46e9-b98c-ce519626d46e/news/558676/">
		<id>558676</id>
		<publishDate>2013-12-26T16:15:31</publishDate>
		<lastModifiedDate>2013-12-26T16:15:31</lastModifiedDate>
		<headline>How to work your personality into your kitchen design</headline>
	</newsListItem>
	<newsListItem href="http://api.brafton.com/d6b2022c-f9fb-46e9-b98c-ce519626d46e/news/558195/">
		<id>558195</id>
		<publishDate>2013-12-24T17:12:56</publishDate>
		<lastModifiedDate>2013-12-24T17:12:56</lastModifiedDate>
		<headline>Victorian influences for your vintage bathroom design</headline>
	</newsListItem>
	<newsListItem href="http://api.brafton.com/d6b2022c-f9fb-46e9-b98c-ce519626d46e/news/557903/">
		<id>557903</id>
		<publishDate>2013-12-23T18:51:47</publishDate>
		<lastModifiedDate>2013-12-23T18:51:47</lastModifiedDate>
		<headline>4 organizational tools for your kitchen</headline>
	</newsListItem>
	<newsListItem href="http://api.brafton.com/d6b2022c-f9fb-46e9-b98c-ce519626d46e/news/556441/">
		<id>556441</id>
		<publishDate>2013-12-19T16:25:24</publishDate>
		<lastModifiedDate>2013-12-19T16:25:24</lastModifiedDate>
		<headline>Country chic touches for your bathroom </headline>
	</newsListItem>
	<newsListItem href="http://api.brafton.com/d6b2022c-f9fb-46e9-b98c-ce519626d46e/news/555106/">
		<id>555106</id>
		<publishDate>2013-12-18T12:55:48</publishDate>
		<lastModifiedDate>2013-12-18T12:55:48</lastModifiedDate>
		<headline>Tips for a more visually appealing bathroom sink</headline>
	</newsListItem>
	<newsListItem href="http://api.brafton.com/d6b2022c-f9fb-46e9-b98c-ce519626d46e/news/554684/">
		<id>554684</id>
		<publishDate>2013-12-18T02:29:06</publishDate>
		<lastModifiedDate>2013-12-18T02:29:06</lastModifiedDate>
		<headline>How to turn your retro bathroom into a vintage retreat</headline>
	</newsListItem>
	<newsListItem href="http://api.brafton.com/d6b2022c-f9fb-46e9-b98c-ce519626d46e/news/553950/">
		<id>553950</id>
		<publishDate>2013-12-17T09:16:38</publishDate>
		<lastModifiedDate>2013-12-17T09:16:38</lastModifiedDate>
		<headline>Luxe kitchen accents to wow guests</headline>
	</newsListItem>
	<newsListItem href="http://api.brafton.com/d6b2022c-f9fb-46e9-b98c-ce519626d46e/news/552711/">
		<id>552711</id>
		<publishDate>2013-12-12T18:46:25</publishDate>
		<lastModifiedDate>2013-12-12T18:46:25</lastModifiedDate>
		<headline>Top bathroom design trends of 2013</headline>
	</newsListItem>
	<newsListItem href="http://api.brafton.com/d6b2022c-f9fb-46e9-b98c-ce519626d46e/news/551911/">
		<id>551911</id>
		<publishDate>2013-12-11T18:21:53</publishDate>
		<lastModifiedDate>2013-12-11T18:21:53</lastModifiedDate>
		<headline>Top kitchen design trends of 2013</headline>
	</newsListItem>
	<newsListItem href="http://api.brafton.com/d6b2022c-f9fb-46e9-b98c-ce519626d46e/news/551967/">
		<id>551967</id>
		<publishDate>2013-12-11T17:34:37</publishDate>
		<lastModifiedDate>2013-12-11T17:34:37</lastModifiedDate>
		<headline>Advantages of clawfoot tubs</headline>
	</newsListItem>
	<newsListItem href="http://api.brafton.com/d6b2022c-f9fb-46e9-b98c-ce519626d46e/news/551361/">
		<id>551361</id>
		<publishDate>2013-12-10T19:19:22</publishDate>
		<lastModifiedDate>2013-12-10T19:19:22</lastModifiedDate>
		<headline>Simple ways to refresh your bathroom</headline>
	</newsListItem>
	<newsListItem href="http://api.brafton.com/d6b2022c-f9fb-46e9-b98c-ce519626d46e/news/550498/">
		<id>550498</id>
		<publishDate>2013-12-09T18:15:15</publishDate>
		<lastModifiedDate>2013-12-09T18:15:15</lastModifiedDate>
		<headline>Feminine touches for a vintage bathroom design</headline>
	</newsListItem>
	<newsListItem href="http://api.brafton.com/d6b2022c-f9fb-46e9-b98c-ce519626d46e/news/550913/">
		<id>550913</id>
		<publishDate>2013-12-09T16:51:59</publishDate>
		<lastModifiedDate>2013-12-09T16:51:59</lastModifiedDate>
		<headline>Vintage-inspired holiday decor for your kitchen</headline>
	</newsListItem>
	<newsListItem href="http://api.brafton.com/d6b2022c-f9fb-46e9-b98c-ce519626d46e/news/549144/">
		<id>549144</id>
		<publishDate>2013-12-05T18:33:19</publishDate>
		<lastModifiedDate>2013-12-05T18:33:19</lastModifiedDate>
		<headline>Creating the perfect vintage bathroom design for a teen</headline>
	</newsListItem>
	<newsListItem href="http://api.brafton.com/d6b2022c-f9fb-46e9-b98c-ce519626d46e/news/548628/">
		<id>548628</id>
		<publishDate>2013-12-04T13:39:24</publishDate>
		<lastModifiedDate>2013-12-04T13:39:24</lastModifiedDate>
		<headline>Wall art inspiration for your vintage kitchen</headline>
	</newsListItem>
	<newsListItem href="http://api.brafton.com/d6b2022c-f9fb-46e9-b98c-ce519626d46e/news/548164/">
		<id>548164</id>
		<publishDate>2013-12-04T11:57:48</publishDate>
		<lastModifiedDate>2013-12-04T11:57:48</lastModifiedDate>
		<headline>5 decor ideas for a vintage bathroom by the sea</headline>
	</newsListItem>
	<newsListItem href="http://api.brafton.com/d6b2022c-f9fb-46e9-b98c-ce519626d46e/news/547455/">
		<id>547455</id>
		<publishDate>2013-12-02T16:24:11</publishDate>
		<lastModifiedDate>2013-12-02T16:24:11</lastModifiedDate>
		<headline>Pamper holiday guests with these bathroom essentials</headline>
	</newsListItem>
	<newsListItem href="http://api.brafton.com/d6b2022c-f9fb-46e9-b98c-ce519626d46e/news/546359/">
		<id>546359</id>
		<publishDate>2013-11-27T17:41:52</publishDate>
		<lastModifiedDate>2013-11-27T17:41:52</lastModifiedDate>
		<headline>Incorporating exposed pipes in your vintage bathroom design</headline>
	</newsListItem>
	<newsListItem href="http://api.brafton.com/d6b2022c-f9fb-46e9-b98c-ce519626d46e/news/545641/">
		<id>545641</id>
		<publishDate>2013-11-26T17:00:59</publishDate>
		<lastModifiedDate>2013-11-26T17:00:59</lastModifiedDate>
		<headline>How to design the perfect family bathroom</headline>
	</newsListItem>
	<newsListItem href="http://api.brafton.com/d6b2022c-f9fb-46e9-b98c-ce519626d46e/news/566429/">
		<id>566429</id>
		<publishDate>2014-01-14T16:47:28</publishDate>
		<lastModifiedDate>2014-01-14T16:47:28</lastModifiedDate>
		<headline>How to make a small space feel larger</headline>
	</newsListItem>
	<newsListItem href="http://api.brafton.com/d6b2022c-f9fb-46e9-b98c-ce519626d46e/news/566322/">
		<id>566322</id>
		<publishDate>2014-01-13T17:57:42</publishDate>
		<lastModifiedDate>2014-01-13T17:57:42</lastModifiedDate>
		<headline>A guide to decorating with neutrals in your kitchen</headline>
	</newsListItem>
	<newsListItem href="http://api.brafton.com/d6b2022c-f9fb-46e9-b98c-ce519626d46e/news/565253/">
		<id>565253</id>
		<publishDate>2014-01-10T14:42:13</publishDate>
		<lastModifiedDate>2014-01-10T14:42:13</lastModifiedDate>
		<headline>Increase your home&amp;#39;s value with a clawfoot tub</headline>
	</newsListItem>
	<newsListItem href="http://api.brafton.com/d6b2022c-f9fb-46e9-b98c-ce519626d46e/news/564923/">
		<id>564923</id>
		<publishDate>2014-01-09T16:50:44</publishDate>
		<lastModifiedDate>2014-01-09T16:50:44</lastModifiedDate>
		<headline>Designing a kid-friendly bathroom for your children</headline>
	</newsListItem>
	<newsListItem href="http://api.brafton.com/d6b2022c-f9fb-46e9-b98c-ce519626d46e/news/563763/">
		<id>563763</id>
		<publishDate>2014-01-08T13:39:31</publishDate>
		<lastModifiedDate>2014-01-08T13:39:31</lastModifiedDate>
		<headline>Easy tricks to producing a sparkling clean bathroom</headline>
	</newsListItem>
	<newsListItem href="http://api.brafton.com/d6b2022c-f9fb-46e9-b98c-ce519626d46e/news/563700/">
		<id>563700</id>
		<publishDate>2014-01-07T18:24:12</publishDate>
		<lastModifiedDate>2014-01-07T18:24:12</lastModifiedDate>
		<headline>Parisian touches for your vintage bathroom design</headline>
	</newsListItem>
	<newsListItem href="http://api.brafton.com/d6b2022c-f9fb-46e9-b98c-ce519626d46e/news/561721/">
		<id>561721</id>
		<publishDate>2014-01-07T12:21:14</publishDate>
		<lastModifiedDate>2014-01-07T12:21:14</lastModifiedDate>
		<headline>Make your morning routine easier with these organization tips</headline>
	</newsListItem>
	<newsListItem href="http://api.brafton.com/d6b2022c-f9fb-46e9-b98c-ce519626d46e/news/561659/">
		<id>561659</id>
		<publishDate>2014-01-03T16:31:44</publishDate>
		<lastModifiedDate>2014-01-03T16:31:44</lastModifiedDate>
		<headline>Tips for a stress-free remodeling project</headline>
	</newsListItem>
	<newsListItem href="http://api.brafton.com/d6b2022c-f9fb-46e9-b98c-ce519626d46e/news/561680/">
		<id>561680</id>
		<publishDate>2014-01-03T16:00:39</publishDate>
		<lastModifiedDate>2014-01-03T16:00:39</lastModifiedDate>
		<headline>4 ways to decorate with mason jars in your bathroom</headline>
	</newsListItem>
	<newsListItem href="http://api.brafton.com/d6b2022c-f9fb-46e9-b98c-ce519626d46e/news/560696/">
		<id>560696</id>
		<publishDate>2014-01-02T12:57:24</publishDate>
		<lastModifiedDate>2014-01-02T12:57:24</lastModifiedDate>
		<headline>Getting creative with your bathroom walls</headline>
	</newsListItem>
	<newsListItem href="http://api.brafton.com/d6b2022c-f9fb-46e9-b98c-ce519626d46e/news/560713/">
		<id>560713</id>
		<publishDate>2014-01-02T12:57:15</publishDate>
		<lastModifiedDate>2014-01-02T12:57:15</lastModifiedDate>
		<headline>Creating a baking-centered kitchen</headline>
	</newsListItem>
</news>